<?xml version="1.0" encoding="UTF-8"?>
<project-private xmlns="http://www.netbeans.org/ns/project-private/1">
    <editor-bookmarks xmlns="http://www.netbeans.org/ns/editor-bookmarks/2" lastBookmarkId="0"/>
    <open-files xmlns="http://www.netbeans.org/ns/projectui-open-files/2">
        <group>
            <file>file:/home/user/workspace/ampache/lib/class/stream.class.php</file>
            <file>file:/home/user/workspace/ampache/config/ampache.cfg.php.dist</file>
            <file>file:/home/user/workspace/ampache/bin/sort_files.inc</file>
            <file>file:/home/user/workspace/ampache/templates/show_arts.inc.php</file>
            <file>file:/home/user/workspace/ampache/lib/class/song.class.php</file>
        </group>
    </open-files>
</project-private>
